Opp. Apleyhead Lodge SK646774,SK646774, 464600, 377400,-1.03238387996228,53.2896571216397,24/11/2002,F,27/12/2007,
A616 Sheephouse Wood layby SK247996,SK247996, 424700, 399600,-1.62917871523109,53.4925488828567,01/12/1990,F,27/12/2007,
A616/SE Flouch SE201012,SE201012, 420100, 401200,-1.69840846657208,53.5071248775149,01/12/1990,F,27/12/2007,
A623 Pedlicote Fm. layby SK104798,SK104798, 410400, 379800,-1.84535731720516,53.3150491388236,01/12/1990,F,27/12/2007,
A625 Nr. Rushophall SK092824,SK092824, 409200, 382400,-1.8632944189411,53.3384416468255,01/12/1990,F,27/12/2007,
Abbotts Bromley market place SK080246,SK080246, 408000, 324600,-1.88273119839317,52.8188961880824,01/12/1990,F,27/12/2007,
Alfreton Hall SK406558,SK406558, 440600, 355800,-1.39511958996388,53.0978841105554,01/12/1990,F,27/12/2007,
Allestree Park (E.) c.p. [NC ]SK348408,SK348408, 434800, 340800,-1.48334596472798,52.9634608283773,25/11/2002,F,27/12/2007,
"Allestree Park (W.), Woodlands Rd c.p. [NC ]SK341404",SK341404, 434100, 340400,-1.49380903965547,52.9599099003466,24/11/2002,F,27/12/2007,
Alport Height SK304516,SK304516, 430400, 351600,-1.54783799640287,53.0608069379829,01/12/1990,F,27/12/2007,
Alport-by-Youlgrave SK220646,SK220646, 422000, 364600,-1.67228992824197,53.1780714673003,01/12/1990,F,27/12/2007,
Alrewas/William IV Rd SK172151,SK172151, 417200, 315100,-1.74671208983241,52.7332837915395,01/12/1990,F,27/12/2007,
Alsop-en-le-Dale SK156549,SK156549, 415600, 354900,-1.76851218854654,53.0911038057412,01/12/1990,F,27/12/2007,
Alstonefield c.p. SK131556,SK131556, 413100, 355600,-1.80581307941276,53.0974627529473,24/11/2002,F,27/12/2007,
Altar Stones SK484109,SK484109, 448400, 310900,-1.28530376827138,52.6936459615411,01/12/1990,F,27/12/2007,
Alton Hill layby A50 SK383149,SK383149, 438300, 314900,-1.4342692946175,52.73040841091,01/12/1990,F,27/12/2007,
Ambergate Stn. [NC ]SK349515,SK349515, 434900, 351500,-1.48070568915231,53.0596344294811,25/11/2002,F,27/12/2007,
Appleby Magna Heath SK314108,SK314108, 431400, 310800,-1.53683566142502,52.6939948017036,01/12/1990,F,27/12/2007,
Appleby Parva A444 SK308092,SK308092, 430800, 309200,-1.54586199692465,52.6796460988169,01/12/1990,F,27/12/2007,
Asfordby/Bradgate La. SK708191,SK708191, 470800, 319100,-0.952161280375091,52.7648899270063,01/12/1990,F,27/12/2007,
Ashbourne/Cokayne Ave c.p. [NC ]SK184469,SK184469, 418400, 346900,-1.72715728778871,53.0191035551776,24/03/2003,F,27/12/2007,
Ashbourne/Station Rd. SK178464,SK178464, 417800, 346400,-1.73612874425592,53.0146291788848,01/12/1990,F,27/12/2007,
Ashby Folville/Highfield End SK706121,SK706121, 470600, 312100,-0.95662717088729,52.7019988408597,01/12/1990,F,27/12/2007,
Ashby-D-L-Zouch/South St. SK359167,SK359167, 435900, 316700,-1.46961093427404,52.7467529558981,01/12/1990,F,27/12/2007,
Ashford-In-The-Water c.p. SK194697,SK194697, 419400, 369700,-1.71088262079085,53.2240139509531,18/03/2003,F,27/12/2007,
Ashley/ Hall Lane SP795909,SP795909, 479500, 290900,-0.830027559762736,52.51022170093,01/12/1990,F,27/12/2007,
"Ashleyhay, Lane End, SK297515",SK297515, 429700, 351500,-1.55829178568175,53.0599472329858,01/12/1990,F,27/12/2007,
Ashover Village Hall c.p. SK351632,SK351632, 435100, 363200,-1.47644693085955,53.1647884144529,28/03/2003,F,27/12/2007,
Attenborough Nat. Res. SK520343,SK520343, 452000, 334300,-1.22833433119935,52.903648862528,01/12/1990,F,27/12/2007,
Awsworth/ Main Road SK489447,SK489447, 448900, 344700,-1.27285605522106,52.9974188175923,01/12/1990,F,27/12/2007,
Axe Edge/Cisterns Cl. SK034698,SK034698, 403400, 369800,-1.95052806687486,53.2252530924874,01/12/1990,F,27/12/2007,
Bagger Wood SK302023,SK302023, 430200, 302300,-1.5553639695946,52.6176530181641,01/12/1990,F,27/12/2007,
Bakewell Riverside cp SK220686,SK220686, 422000, 368600,-1.67201608344524,53.2140261518367,28/04/2003,F,27/12/2007,
Bakewell Stn c.p. SK222690,SK222690, 422200, 369000,-1.6689935012691,53.2176133193719,01/12/1990,F,27/12/2007,
Bamford Old Ashopton Road SK205840,SK205840, 420500, 384000,-1.69348910165089,53.3525094068025,01/12/1990,F,27/12/2007,
Bamford Station SK208825,SK208825, 420800, 382500,-1.68908030603695,53.3390150124719,01/12/1990,F,27/12/2007,
Bar Dyke/ Smallfield SK246945,SK246945, 424600, 394500,-1.63108313048871,53.4467133841181,01/12/1990,F,27/12/2007,
Barber Booth SK108847,SK108847, 410800, 384700,-1.83918765467083,53.3590856378814,01/12/1990,F,27/12/2007,
Barrow-on-Soar SK575176,SK575176, 457500, 317600,-1.14950585276338,52.752982886727,01/12/1990,F,27/12/2007,
Barrow-On-Trent/ Sinfin Lane Corner SK354287,SK354287, 435400, 328700,-1.47572665150194,52.8546550608535,01/12/1990,F,27/12/2007,
Barrow-on-Trent/A5132 layby SK348286,SK348286, 434800, 328600,-1.48464742949563,52.8537950957328,01/12/1990,F,27/12/2007,
Barsby/Baggrave End SK699113,SK699113, 469900, 311300,-0.967154027523612,52.6948988121165,01/12/1990,F,27/12/2007,
Barton-u-Needwood./Crowberry Lane c.p. SK187187,SK187187, 418700, 318700,-1.72429508461347,52.7655964178772,01/12/1990,F,27/12/2007,
Baslow c.p. [££££ ]SK258721,SK258721, 425800, 372100,-1.61483155625264,53.245315966941,01/12/1990,F,27/12/2007,
Baulker Lane c.p. SK611558,SK611558, 461100, 355800,-1.08900212609463,53.0959350079342,01/12/1990,F,27/12/2007,
Beacon Hill (Lower) SK522148,SK522148, 452200, 314800,-1.22846706324533,52.7283506616529,01/12/1990,F,27/12/2007,
Beacon Hill (Upper) SK510146,SK510146, 451000, 314600,-1.24626510917582,52.7266669909621,01/12/1990,F,27/12/2007,
Beeley Church SK264675,SK264675, 426400, 367500,-1.60621980167636,53.2039394531715,24/11/2002,F,27/12/2007,
Belper/ Far Laund SK363490,SK363490, 436300, 349000,-1.46009849942556,53.0370698769154,01/12/1990,F,27/12/2007,
Belper/ Market Place SK351474,SK351474, 435100, 347400,-1.47816716453845,53.0227676645182,01/12/1990,F,27/12/2007,
Belper/ Triangle SK345479,SK345479, 434500, 347900,-1.48705843641268,53.0273008909452,01/12/1990,F,27/12/2007,
Belper/Whitemoor La. SK364481,SK364481, 436400, 348100,-1.45870846753431,53.0289732791368,01/12/1990,F,27/12/2007,
Belton B5324 layby SK442203,SK442203, 444200, 320300,-1.34617974889002,52.7785007293765,01/12/1990,F,27/12/2007,
Bestwood (Lodge) Cy.Pk. SK572463,SK572463, 457200, 346300,-1.14891926018182,53.0109806341227,01/12/1990,F,27/12/2007,
Billesdon/Mkt. Pl. SK719028,SK719028, 471900, 302800,-0.93941531070438,52.6182369776406,01/12/1990,F,27/12/2007,
Bingham/Newgate St. c.p. SK703400,SK703400, 470300, 340000,-0.955071306953844,52.9528021332454,01/12/1990,F,27/12/2007,
Birch Hill layby SK490679,SK490679, 449000, 367900,-1.26783588170147,53.2059374784581,01/12/1990,F,27/12/2007,
Birchen Clough SK109914,SK109914, 410900, 391400,-1.83745658698537,53.4193070238243,01/12/1990,F,27/12/2007,
Birchen Edge c.p. SK280722,SK280722, 428000, 372200,-1.58185567222888,53.2461039793297,01/12/1990,F,27/12/2007,
Birkin Lane c.p. SK412672,SK412672, 441200, 367200,-1.38469830836189,53.200306840274,01/12/1990,F,27/12/2007,
Black Rocks c.p. [£ ]Wirksworth SK291557,SK291557, 429100, 355700,-1.56686576847023,53.0977330375109,24/11/2002,F,27/12/2007,
Blackbrook Hill layby SK461183,SK461183, 446100, 318300,-1.31829572617492,52.7603645644614,01/12/1990,F,27/12/2007,
Blidworth Bottoms SK595543,SK595543, 459500, 354300,-1.1131698387408,53.0826334454651,01/12/1990,F,27/12/2007,
Blidworth Tower SK584533,SK584533, 458400, 353300,-1.12977079255367,53.0737667387666,01/12/1990,F,27/12/2007,
Blithfield Resr. SK062239,SK062239, 406200, 323900,-1.90945331886026,52.8126268507331,01/12/1990,F,27/12/2007,
Blore Pastures c.p.[ NC ]SK135499,SK135499, 413500, 349900,-1.800076605902,53.0462155425024,24/03/2003,F,27/12/2007,
Borrowash/ Shopping Cr SK417346,SK417346, 441700, 334600,-1.38141966537369,52.9072401618721,01/12/1990,F,27/12/2007,
Bosworth Battlefield: Ambion Hill V.C. SK403001,SK403001, 440300, 300100,-1.40645729006323,52.5972232939711,01/12/1990,F,27/12/2007,
Bosworth Battlefield: Cheney Lane c.p. SK410005,SK410005, 441000, 300500,-1.39607405609927,52.600766848643,01/12/1990,F,27/12/2007,
Bosworth Battlefield: Shenton Stn SK397004,SK397004, 439700, 300400,-1.41527900496857,52.5999640835984,01/12/1990,F,27/12/2007,
Bosworth Battlefield: Sutton Cheney Whf. SP411994,SP411994, 441100, 299400,-1.39473385696921,52.5908710974586,01/12/1990,F,27/12/2007,
Bosworth Battlefield: White Moors SP385991,SP385991, 438500, 299100,-1.43314608652649,52.5883639154115,01/12/1990,F,27/12/2007,
Bottesford/Queen St. SK805390,SK805390, 480500, 339000,-0.803531391703164,52.942384678559,01/12/1990,F,27/12/2007,
Bowden Bridge SK049869,SK049869, 404900, 386900,-1.92780370624898,53.3789468459383,01/12/1990,F,27/12/2007,
Boylestone/Corner SK182356,SK182356, 418200, 335600,-1.73076987648161,52.9175333789248,01/12/1990,F,27/12/2007,
Brackenfield/Green SK367589,SK367589, 436700, 358900,-1.45300693360038,53.1260301214485,01/12/1990,F,27/12/2007,
Brackenhurst layby SK694425,SK694425, 469400, 342500,-0.967929948519307,52.975388588042,01/12/1990,F,27/12/2007,
"Bradley Wood, A517 SK197463",SK197463, 419700, 346300,-1.70781492724892,53.0136641845054,01/12/1990,F,27/12/2007,
Bradwell/ Stores SK174812,SK174812, 417400, 381200,-1.7402127230978,53.3274514878378,01/12/1990,F,27/12/2007,
Brailsford Church SK247413,SK247413, 424700, 341300,-1.63367082344094,52.9685130538544,01/12/1990,F,27/12/2007,
Bramcote Hills c.p. SK500384,SK500384, 450000, 338400,-1.2574369876441,52.9406909459003,01/12/1990,F,27/12/2007,
Breadsall SK370397,SK370397, 437000, 339700,-1.45071970880242,52.9534265020711,01/12/1990,F,27/12/2007,
Breaston/ The Green SK460335,SK460335, 446000, 333500,-1.31764380883317,52.8970029605578,01/12/1990,F,27/12/2007,
Breedon-On-Hill/Green SK404229,SK404229, 440400, 322900,-1.4021906314877,52.8021687627067,01/12/1990,F,27/12/2007,
Brereton Spurs P.S. SK038152,SK038152, 403800, 315200,-1.94515604768035,52.7344398567606,01/12/1990,F,27/12/2007,
Bridge End Pasture SK180885,SK180885, 418000, 388500,-1.73079217251536,53.3930477758597,01/12/1990,F,27/12/2007,
Brinsley P.S. SK464485,SK464485, 446400, 348500,-1.30955712479552,53.0317972873665,01/12/1990,F,27/12/2007,
Brook Fm. A50 layby SK462118,SK462118, 446200, 311800,-1.31772564719936,52.7019276303588,01/12/1990,F,27/12/2007,
Brookside SJ980681,SJ980681, 398000, 368100,-2.03140020575759,53.2099785983939,01/12/1990,F,27/12/2007,
Broombriggs SK523148,SK523148, 452300, 314800,-1.22698647714563,52.7283410306674,01/12/1990,F,27/12/2007,
Bulwell Hall Park SK534468,SK534468, 453400, 346800,-1.20546711306608,53.0158660653632,01/12/1990,F,27/12/2007,
Bulwell Hall Park SK538463,SK538463, 453800, 346300,-1.19958822339227,53.0113321883801,01/12/1990,F,27/12/2007,
Burntstump Cy. Pk. SK575506,SK575506, 457500, 350600,-1.14368334407226,53.0495967567333,01/12/1990,F,27/12/2007,
Burrough Hill c.p. SK766115,SK766115, 476600, 311500,-0.867990160393892,52.6957916444401,01/12/1990,F,27/12/2007,
Burton Joyce/Co-Op. SK648438,SK648438, 464800, 343800,-1.03616362992234,52.9876466543395,01/12/1990,F,27/12/2007,
Calverton/St. Wilfhed's Square SK616492,SK616492, 461600, 349200,-1.0827970025978,53.036558216343,01/12/1990,F,27/12/2007,
Car Colston/ Green SK718427,SK718427, 471800, 342700,-0.932150765194265,52.9768709605363,01/12/1990,F,27/12/2007,
Car Top layby A612 SK287768,SK287768, 428700, 376800,-1.57095284410826,53.287413815901,01/12/1990,F,27/12/2007,
Carlton Lees c.p. [NC ]SK259684,SK259684, 425900, 368400,-1.61363244886813,53.2120536192501,24/11/2002,F,27/12/2007,
"Carpenters Arms c.p. [NC], Dale Abbey SK436389",SK436389, 443600, 338900,-1.35259595589401,52.9457415475692,29/11/2002,F,27/12/2007,
Carsington Res. Sheepwash c.p. [NC ]SK249529,SK249529, 424900, 352900,-1.62980302532796,53.072775677557,01/12/1990,F,27/12/2007,
Castle Donington/ Clapgate St. c.p. SK448274,SK448274, 444800, 327400,-1.33631606387331,52.8422725429446,01/12/1990,F,27/12/2007,
Castle Ring c.p. SK045126,SK045126, 404500, 312600,-1.93482330072476,52.711061532282,01/12/1990,F,27/12/2007,
Castleton SK149829,SK149829, 414900, 382900,-1.77766875337322,53.3428075415151,01/12/1990,F,27/12/2007,
Caunton/ A616 layby SK742599,SK742599, 474200, 359900,-0.892461037583808,53.1311279273171,01/12/1990,F,27/12/2007,
Chapel/Station SK055795,SK055795, 405500, 379500,-1.91891105536794,53.3124249041462,01/12/1990,F,27/12/2007,
Chapel/Thornbrook Road SK060807,SK060807, 406000, 380700,-1.91138421528519,53.3232060621594,01/12/1990,F,27/12/2007,
Chapel-en-le-Frith/Old Station SK055808,SK055808, 405500, 380800,-1.91888890353867,53.3241102398355,01/12/1990,F,27/12/2007,
Cheddleton A520 layby SJ971512,SJ971512, 397100, 351200,-2.04471782129512,53.0580600144526,01/12/1990,F,27/12/2007,
Chinley Head layby SK049848,SK049848, 404900, 384800,-1.92783592928635,53.3600707215266,01/12/1990,F,27/12/2007,
Chinley Station SK038826,SK038826, 403800, 382600,-1.94439016785809,53.3403044388973,01/12/1990,F,27/12/2007,
Chunal Moor layby SK033908,SK033908, 403300, 390800,-1.95181547079443,53.4140144121557,01/12/1990,F,27/12/2007,
Church Gresley/Market St. SK298187,SK298187, 429800, 318700,-1.55979337420057,52.7651003740022,01/12/1990,F,27/12/2007,
Church Warsop/Carrs SK568686,SK568686, 456800, 368600,-1.15094397902797,53.2114559719449,01/12/1990,F,27/12/2007,
Clay Cross SK393634,SK393634, 439300, 363400,-1.41360471716634,53.1662939416988,01/12/1990,F,27/12/2007,
Clifton/ School SK167449,SK167449, 416700, 344900,-1.75260154289478,53.0011807559145,01/12/1990,F,27/12/2007,
Clipstone Forest/ Eakring Road SK620616,SK620616, 462000, 361600,-1.07444532853093,53.1479614157277,01/12/1990,F,27/12/2007,
Clipstone Forest/Culloden SK613644,SK613644, 461300, 364400,-1.08437507749464,53.1732082143991,01/12/1990,F,27/12/2007,
Clough Hollow P.S. SK285841,SK285841, 428500, 384100,-1.57329919089931,53.3530399604798,01/12/1990,F,27/12/2007,
Clough House SJ987699,SJ987699, 398700, 369900,-2.02092681454984,53.2261606387309,01/12/1990,F,27/12/2007,
Clowne/ North Rd. c.p. SK492758,SK492758, 449200, 375800,-1.26362526161381,53.2769283903965,01/12/1990,F,27/12/2007,
Clumber Park SK625744,SK625744, 462500, 374400,-1.06447027697782,53.2629455291621,01/12/1990,F,27/12/2007,
Coalville/James St. SK424140,SK424140, 442400, 314000,-1.37367383338375,52.7220135558121,01/12/1990,F,27/12/2007,
Codnor Market Place SK420497,SK420497, 442000, 349700,-1.37500627541338,53.0429462115909,01/12/1990,F,27/12/2007,
Colwick Country Park SK606399,SK606399, 460600, 339900,-1.09944773629992,52.9530844185901,01/12/1990,F,27/12/2007,
Combridge/ (Old Road) SK106379,SK106379, 410600, 337900,-1.84372380508263,52.93841043874,01/12/1990,F,27/12/2007,
Consall Nature Park SJ994484,SJ994484, 399400, 348400,-2.01039487208359,53.032898379352,01/12/1990,F,27/12/2007,
Cotgrave/Candlery La. SK648352,SK648352, 464800, 335200,-1.03787950857895,52.9103521033503,01/12/1990,F,27/12/2007,
Coton-in-Elms/Mill St SK246515,SK246515, 424600, 351500,-1.63438694136492,53.0602050663798,01/12/1990,F,27/12/2007,
Creswell Crags V.C. SK539744,SK539744, 453900, 374400,-1.19338412887715,53.2638888941829,01/12/1990,F,27/12/2007,
"Crich Chase layby,A6 SK338530",SK338530, 433800, 353000,-1.49696091130069,53.0731878674028,01/12/1990,F,27/12/2007,
Crich Cliffside layby SK341552,SK341552, 434100, 355200,-1.49225093126748,53.0929440203825,01/12/1990,F,27/12/2007,
Crich/North End SK346548,SK346548, 434600, 354800,-1.48482789464059,53.0893165105731,01/12/1990,F,27/12/2007,
Cromford Station SK303574,SK303574, 430300, 357400,-1.54878574456011,53.1129473990988,01/12/1990,F,27/12/2007,
Cropwell Burler/Back Lane SK683371,SK683371, 468300, 337100,-0.985444945399482,52.9269956731517,01/12/1990,F,27/12/2007,
Crowden c.p. SK073993,SK073993, 407300, 399300,-1.89144337343906,53.4903772504918,01/12/1990,F,27/12/2007,
Cubley Carr layby SK160369,SK160369, 416000, 336900,-1.76342466672935,52.9292888340628,01/12/1990,F,27/12/2007,
Curbar Gap c.p. SK262747,SK262747, 426200, 374700,-1.60862456083773,53.2686666441635,24/11/2002,F,27/12/2007,
Curbar School layby SK247743,SK247743, 424700, 374300,-1.63114529317019,53.2651427260204,01/12/1990,F,27/12/2007,
Cutthroat Bridge/layby SK217874,SK217874, 421700, 387400,-1.67522989949636,53.3830226955065,01/12/1990,F,27/12/2007,
Dalby Wolds layby SK658219,SK658219, 465800, 321900,-1.02568816106935,52.7906880425019,01/12/1990,F,27/12/2007,
Dale/Potato Pit Lane SK444384,SK444384, 444400, 338400,-1.34075936443242,52.9411818239197,01/12/1990,F,27/12/2007,
Danebridge SJ964652,SJ964652, 396400, 365200,-2.0553241639906,53.1839021740481,01/12/1990,F,27/12/2007,
Darley Bridge SK270624,SK270624, 427000, 362400,-1.59766574953547,53.1580674941816,01/12/1990,F,27/12/2007,
Deep Hayes Cy. Pk. SJ961534,SJ961534, 396100, 353400,-2.05966610887725,53.0778293851745,01/12/1990,F,27/12/2007,
Dennis Knoll c.p. [NC ]Stanage Edge SK227843,SK227843, 422700, 384300,-1.66041765782155,53.3551168095552,24/11/2002,F,27/12/2007,
Derbyshire Bridge SK018716,SK018716, 401800, 371600,-1.97448456191253,53.2414399140767,01/12/1990,F,27/12/2007,
Derwent Overlook SK174889,SK174889, 417400, 388900,-1.73979262566326,53.3966630778869,01/12/1990,F,27/12/2007,
Dishley/ A6 layby SK511212,SK511212, 451100, 321200,-1.24376030450407,52.7859841773314,01/12/1990,F,27/12/2007,
Dove Holes layby SK075772,SK075772, 407500, 377200,-1.88894670250111,53.2917267388733,01/12/1990,F,27/12/2007,
Dovedale SK146509,SK146509, 414600, 350900,-1.78362352183066,53.0551759529041,01/12/1990,F,27/12/2007,
Doveridge/Sand Lane SK119342,SK119342, 411900, 334200,-1.82451505707134,52.9051231071303,01/12/1990,F,27/12/2007,
Dronfield/B6057 layby SK365777,SK365777, 436500, 377700,-1.45385323366441,53.2950259929541,01/12/1990,F,27/12/2007,
Duffield Station SK345436,SK345436, 434500, 343600,-1.48751487390769,52.9886490807587,01/12/1990,F,27/12/2007,
Duncan Wood c.p. SK613716,SK613716, 461300, 371600,-1.08299573724629,53.2379197150542,01/12/1990,F,27/12/2007,
Dunnshill SK423384,SK423384, 442300, 338400,-1.37200616263904,52.9413508442855,01/12/1990,F,27/12/2007,
Eckington/Off Mkt. St. SK431794,SK431794, 443100, 379400,-1.3546111385166,53.3098122027329,01/12/1990,F,27/12/2007,
Ecton Bridge SK092577,SK092577, 409200, 357700,-1.86399614411214,53.1164202177953,01/12/1990,F,27/12/2007,
Edale Stn c.p. SK124853,SK124853, 412400, 385300,-1.81512422732342,53.3644440593433,01/12/1990,F,27/12/2007,
Wirestone Quarry/Eddlestow P.S. SK324632,SK324632, 432400, 363200,-1.5168303155171,53.1649587406539,06/05/2003,F,27/12/2007,
Edwinstowe c.p. SK625671,SK625671, 462500, 367100,-1.06589813842213,53.1973358500139,01/12/1990,F,27/12/2007,
Egginton/ Duck St. SK267284,SK267284, 426700, 328400,-1.60494813765144,52.8524582278439,01/12/1990,F,27/12/2007,
Elkesley SK688756,SK688756, 468800, 375600,-0.969778185657687,53.2729528728355,01/12/1990,F,27/12/2007,
Ellastone Bridge SK119425,SK119425, 411900, 342500,-1.82421319183329,52.9797337789803,01/12/1990,F,27/12/2007,
Elton Church SK222610,SK222610, 422200, 361000,-1.66954533547391,53.1457035493753,01/12/1990,F,27/12/2007,
Elvaston Country Pk. SK412332,SK412332, 441200, 333200,-1.38903020510092,52.8946942048269,01/12/1990,F,27/12/2007,
Epperstone/ Church SK651485,SK651485, 465100, 348500,-1.0307496076567,53.0298529231139,01/12/1990,F,27/12/2007,
Errwood Hall SK012749,SK012749, 401200, 374900,-1.98346485150414,53.2711034694662,01/12/1990,F,27/12/2007,
Etwall Church SK269320,SK269320, 426900, 332000,-1.60168255183391,52.8848092464977,01/12/1990,F,27/12/2007,
Exlowmere SK226599,SK226599, 422600, 359900,-1.66364215252406,53.1357991686204,01/12/1990,F,27/12/2007,
Eyam c.p. SK216777,SK216777, 421600, 377700,-1.67739122700921,53.2958381637147,01/12/1990,F,27/12/2007,
Fairholmes c.p. SK173893,SK173893, 417300, 389300,-1.74127473690234,53.4002617130691,01/12/1990,F,27/12/2007,
Fanny's Grove c.p. SK611709,SK611709, 461100, 370900,-1.08612580278224,53.2316513128371,01/12/1990,F,27/12/2007,
Farnah Green/Firestone SK335463,SK335463, 433500, 346300,-1.50213274799486,53.0129821229875,01/12/1990,F,27/12/2007,
Farnsfield Station SK643572,SK643572, 464300, 357200,-1.04094169288069,53.1081432835375,01/12/1990,F,27/12/2007,
Findern/ Church SK309304,SK309304, 430900, 330400,-1.5423922258632,52.8702125317452,01/12/1990,F,27/12/2007,
"Foolow, road side parking[ NC], just south of Foolow, junction with A623 SK193759",SK193759, 419300, 375900,-1.71200673669506,53.2797468125474,24/11/2002,F,27/12/2007,
Ford P.S. SK402803,SK402803, 440200, 380300,-1.39801662745201,53.3181288484001,01/12/1990,F,27/12/2007,
Foremark Reservoir c.p. at Dovecote Hill SK334243,SK334243, 433400, 324300,-1.50587505895954,52.8152301802321,06/05/2003,F,27/12/2007,
Foremark Resr (N) SK336248,SK336248, 433600, 324800,-1.50285646024022,52.8197123220187,01/12/1990,F,27/12/2007,
Foremark Resr (S) SK335223,SK335223, 433500, 322300,-1.50459546928804,52.7972458072074,01/12/1990,F,27/12/2007,
Foxton Locks P.S. SP692891,SP692891, 469200, 289100,-0.982139264807741,52.4954445508126,01/12/1990,F,27/12/2007,
Friden c.p. SK172607,SK172607, 417200, 360700,-1.744314105916,53.1431904841846,01/12/1990,F,27/12/2007,
Froghall Wharf c.p. SK027477,SK027477, 402700, 347700,-1.9611915309278,53.0266003264859,01/12/1990,F,27/12/2007,
Gaddesby/ Main St. SK688130,SK688130, 468800, 313000,-0.983073173736453,52.7103197547689,01/12/1990,F,27/12/2007,
Garner Lane layby SK367548,SK367548, 436700, 354800,-1.45347380223007,53.0891768695435,01/12/1990,F,27/12/2007,
Glen Howe Park SK296943,SK296943, 429600, 394300,-1.55582369401476,53.4446599967182,01/12/1990,F,27/12/2007,
Glossop SK034942,SK034942, 403400, 394200,-1.95027535746225,53.4445748261695,01/12/1990,F,27/12/2007,
Goyt Valley/Bunsal Cob c.p. SK019759,SK019759, 401900, 375900,-1.97296345838479,53.2800902640536,24/11/2002,F,27/12/2007,
Goyts Clough Quarry SK012734,SK012734, 401200, 373400,-1.9834694587059,53.2576206862668,01/12/1990,F,27/12/2007,
Goyts Lane SK025752,SK025752, 402500, 375200,-1.96397000638995,53.2737957229069,01/12/1990,F,27/12/2007,
Gradbach c.p. SJ998662,SJ998662, 399800, 366200,-2.004446685133,53.1929041295844,24/11/2002,F,27/12/2007,
Grange Park c.p. SK392943,SK392943, 439200, 394300,-1.41129716090478,53.4440368324854,01/12/1990,F,27/12/2007,
Greasley Church layby SK490472,SK490472, 449000, 347200,-1.27098823558807,53.0198806398891,01/12/1990,F,27/12/2007,
Greenway Bank Cy.Pk. SJ888552,SJ888552, 388800, 355200,-2.16870001336219,53.0939047110745,01/12/1990,F,27/12/2007,
Grindleford Stn/Cafe [NC ]SK251787,SK251787, 425100, 378700,-1.62480269413369,53.3046735171911,01/12/1990,F,27/12/2007,
Grindon church c.p. [NC ]SK085544,SK085544, 408500, 354400,-1.87454075729468,53.0867678658467,24/11/2002,F,27/12/2007,
Grinlow c.p. SK049720,SK049720, 404900, 372000,-1.92802829221311,53.2450161157254,24/11/2002,F,27/12/2007,
Groby Pool SK524080,SK524080, 452400, 308000,-1.22658722800105,52.6672070274462,01/12/1990,F,27/12/2007,
Halam Pumping Stn. SK668536,SK668536, 466800, 353600,-1.00434932154763,53.0754812588132,01/12/1990,F,27/12/2007,
Hallgates c.p. SK542114,SK542114, 454200, 311400,-1.19941483937195,52.6975928341659,01/12/1990,F,27/12/2007,
Hanbury Common P.S. SK174283,SK174283, 417400, 328300,-1.74305533711279,52.8519376201232,01/12/1990,F,27/12/2007,
Hardstoft Road c.p. SK430624,SK430624, 443000, 362400,-1.3583980529206,53.157020817481,01/12/1990,F,27/12/2007,
Hardwick/Millers Rd. SK453640,SK453640, 445300, 364000,-1.3237787340427,53.1712110747072,01/12/1990,F,27/12/2007,
Harlaston layby SK217111,SK217111, 421700, 311100,-1.68033354201042,52.6971648500528,01/12/1990,F,27/12/2007,
Harthill/ Stores SK493808,SK493808, 449300, 380800,-1.26135178316107,53.3218578109207,01/12/1990,F,27/12/2007,
Hartington Stn c.p. SK149611,SK149611, 414900, 361100,-1.77867992251986,53.1468548185369,01/12/1990,F,27/12/2007,
Hartington Village/Square SK128605,SK128605, 412800, 360500,-1.81010055646901,53.1415156403001,01/12/1990,F,27/12/2007,
Hartshorne/Manchester Ln. SK327207,SK327207, 432700, 320700,-1.51661882154458,52.7829119697273,01/12/1990,F,27/12/2007,
Hathersage main c.p. SK231814,SK231814, 423100, 381400,-1.65461878305228,53.3290329398048,24/11/2002,F,27/12/2007,
Hatton c.p.  SK216298,SK216298, 421600, 329800,-1.68058848773435,52.8652708478216,01/12/1990,F,27/12/2007,
Haywood Oaks SK605549,SK605549, 460500, 354900,-1.09813013105442,53.0879140501585,01/12/1990,F,27/12/2007,
Haywood/Froggatt Edge c.p. SK256777,SK256777, 425600, 377700,-1.61738003376092,53.2956612679177,25/11/2002,F,27/12/2007,
Hazelslade Nat. Res. SK023128,SK023128, 402300, 312800,-1.96738884362218,52.7128730907641,01/12/1990,F,27/12/2007,
Heath Par. Church SK448670,SK448670, 444800, 367000,-1.33083878251684,53.1982178516089,01/12/1990,F,27/12/2007,
Heather Hall Fm. layby SK381108,SK381108, 438100, 310800,-1.43770522007694,52.6935667570832,01/12/1990,F,27/12/2007,
Heatherdene c.p. SK202859,SK202859, 420200, 385900,-1.69787549207137,53.3695989705864,01/12/1990,F,27/12/2007,
"Heathtop, Ch. Brou'n SK204327",SK204327, 420400, 332700,-1.69823276521175,52.891386155407,01/12/1990,F,27/12/2007,
High Cademan c.p. SK443169,SK443169, 444300, 316900,-1.34515519055316,52.7479300400386,01/12/1990,F,27/12/2007,
High Cross Bank/Arnold Close SK283175,SK283175, 428300, 317500,-1.58212618586995,52.7543936302279,01/12/1990,F,27/12/2007,
High Peak Jncn. c.p.  SK315561,SK315561, 431500, 356100,-1.53098607171156,53.101192912444,01/12/1990,F,27/12/2007,
Highoredish P.S. SK351597,SK351597, 435100, 359700,-1.47682895154908,53.1333282721281,01/12/1990,F,27/12/2007,
Hill Ridware/Rake End SK077185,SK077185, 407700, 318500,-1.88732273128011,52.7640647375853,01/12/1990,F,27/12/2007,
Hilton (Main St.) c.p. SK244307,SK244307, 424400, 330700,-1.63893067133347,52.8732420502758,01/12/1990,F,27/12/2007,
Hob Lane Corner SK281498,SK281498, 428100, 349800,-1.58231203179952,53.0447523132297,01/12/1990,F,27/12/2007,
Holbrook/ Portway SK365443,SK365443, 436500, 344300,-1.45764453767892,52.9948093260651,01/12/1990,F,27/12/2007,
Hollin Wood c.p. SK237838,SK237838, 423700, 383800,-1.64543132988858,53.3505789635834,01/12/1990,F,27/12/2007,
Holloway Church SK323569,SK323569, 432300, 356900,-1.51895812713846,53.1083362562601,01/12/1990,F,27/12/2007,
Holme Moss SE098039,SE098039, 409800, 403900,-1.8536228343478,53.5316830394855,01/12/1990,F,27/12/2007,
Holme Pierrepont Cy.Pk SK609381,SK609381, 460900, 338100,-1.09532035903144,52.9368722018943,01/12/1990,F,27/12/2007,
Holmewood/Old Coll.La. SK433659,SK433659, 443300, 365900,-1.35343951894334,53.1884552226786,01/12/1990,F,27/12/2007,
Hope SK171835,SK171835, 417100, 383500,-1.74459371962307,53.348134860528,01/12/1990,F,27/12/2007,
Horsley/ Green SK376445,SK376445, 437600, 344500,-1.44123335280738,52.9965313121539,01/12/1990,F,27/12/2007,
Hugglescote/Grange Rd. SK430127,SK430127, 443000, 312700,-1.36496075483155,52.7102805754793,01/12/1990,F,27/12/2007,
Hulland/Old Vicarage SK248472,SK248472, 424800, 347200,-1.631731471529,53.0215435028834,01/12/1990,F,27/12/2007,
Hulme End c.p. [£££ ]SK102593,SK102593, 410200, 359300,-1.84900575507193,53.1307845260126,24/11/2002,F,27/12/2007,
Hungarton SK690073,SK690073, 469000, 307300,-0.981304114869702,52.6590602276075,01/12/1990,F,27/12/2007,
Hunt's Hill c.p. SK523117,SK523117, 452300, 311700,-1.22747883673861,52.7004756221006,01/12/1990,F,27/12/2007,
Hurst Clough c.p. SK187876,SK187876, 418700, 387600,-1.72031904351918,53.3849340723268,01/12/1990,F,27/12/2007,
Huthwaite/Market Pl. SK468593,SK468593, 446800, 359300,-1.30202566990521,53.128836980574,01/12/1990,F,27/12/2007,
Ilam main street SK135508,SK135508, 413500, 350800,-1.80003915350937,53.0543056673571,24/11/2002,F,27/12/2007,
Ilkeston/ Market Pl. SK465417,SK465417, 446500, 341700,-1.30904055166793,52.9706672699745,01/12/1990,F,27/12/2007,
Illston-on-the-Hill SP706992,SP706992, 470600, 299200,-0.959379780732872,52.5860495268716,01/12/1990,F,27/12/2007,
Ironville Resr. SK434515,SK434515, 443400, 351500,-1.35388492470705,53.0590140335378,01/12/1990,F,27/12/2007,
Ironville/Casson St. SK435519,SK435519, 443500, 351900,-1.352339127689,53.0626013337667,01/12/1990,F,27/12/2007,
Jacksdale/ Comm. Ctr. SK445515,SK445515, 444500, 351500,-1.33747351952188,53.0589238318596,01/12/1990,F,27/12/2007,
Jackson Bank c.p. [NC] on B5234 near Hoar Cross SK140232,SK140232, 414000, 323200,-1.79376014764219,52.8061900399558,24/11/2002,F,27/12/2007,
"John Thompson Pub, Ingleby SK353268",SK353268, 435300, 326800,-1.47741605001324,52.8375821876614,24/11/2002,F,27/12/2007,
Kegworth/ Mill Lane SK490269,SK490269, 449000, 326900,-1.27404224609676,52.8374140043006,01/12/1990,F,27/12/2007,
Kelham Bridge layby SK406123,SK406123, 440600, 312300,-1.40053231578298,52.706869569676,01/12/1990,F,27/12/2007,
Keyworth/Squash Club SK613308,SK613308, 461300, 330800,-1.09074262777579,52.8712135784661,01/12/1990,F,27/12/2007,
King’s Bomley/A515 layby SK122172,SK122172, 412200, 317200,-1.82068153841083,52.7522965732854,01/12/1990,F,27/12/2007,
King's Tree SK168939,SK168939, 416800, 393900,-1.74855129648968,53.4416246279157,01/12/1990,F,27/12/2007,
Kingston-on-Soar/Green SK502277,SK502277, 450200, 327700,-1.25610767057474,52.844494845444,01/12/1990,F,27/12/2007,
Kirk Hallam/ Pioneer Meadows SK456397,SK456397, 445600, 339700,-1.3227216820733,52.9527668651298,01/12/1990,F,27/12/2007,
Kirklington Station SK675566,SK675566, 467500, 356600,-0.99327388641131,53.1023568432554,01/12/1990,F,27/12/2007,
Kiveton Park/ Rec. SK484829,SK484829, 448400, 382900,-1.27454205479938,53.3408147045833,01/12/1990,F,27/12/2007,
Kneesal/ School Lane SK705643,SK705643, 470500, 364300,-0.946783858788586,53.1711737425413,01/12/1990,F,27/12/2007,
Lamaload Reservoir SJ975753,SJ975753, 397500, 375300,-2.03894742899528,53.2746940068498,01/12/1990,F,27/12/2007,
Langold Country Pk. SK580876,SK580876, 458000, 387600,-1.12951574081248,53.3820924492322,01/12/1990,F,27/12/2007,
Langsett P.S. SE211005,SE211005, 421100, 400500,-1.68337805110041,53.5007943144855,01/12/1990,F,27/12/2007,
Launde Park SK796044,SK796044, 479600, 304400,-0.82532037711659,52.6315451891549,01/12/1990,F,27/12/2007,
Lawn Bridge SK314252,SK314252, 431400, 325200,-1.53546280776525,52.8234401548872,01/12/1990,F,27/12/2007,
Laxton Visitor Centre SK724671,SK724671, 472400, 367100,-0.917732881329582,53.196083786962,01/12/1990,F,27/12/2007,
Lea P.S. SK335575,SK335575, 433500, 357500,-1.50097112916895,53.1136557840077,01/12/1990,F,27/12/2007,
"Leek, c.p. [NC ]off Sunnyhills Rd (Industrial Estate) SJ975554",SJ975554, 397500, 355400,-2.03878401296283,53.0958163268084,24/11/2002,F,27/12/2007,
Limb Hill P.S. SK309819,SK309819, 430900, 381900,-1.53745864092579,53.3331315095756,01/12/1990,F,27/12/2007,
Linacre Reservoir c.p. SK336727,SK336727, 433600, 372700,-1.49788641969276,53.2502750356168,24/11/2002,F,27/12/2007,
Linby SK535511,SK535511, 453500, 351100,-1.20326464149172,53.0545052273268,01/12/1990,F,27/12/2007,
Little Eaton Rec. Gd. SK361415,SK361415, 436100, 341500,-1.46391506345005,52.9696675606516,01/12/1990,F,27/12/2007,
Little Nomanshill Wood SK537560,SK537560, 453700, 356000,-1.19946558574531,53.0985267591716,01/12/1990,F,27/12/2007,
Little Shaw Lane/A50 SK476115,SK476115, 447600, 311500,-1.29705271034717,52.699110046201,01/12/1990,F,27/12/2007,
Locko Lane layby SK402377,SK402377, 440200, 337700,-1.40333959220346,52.9352194844594,01/12/1990,F,27/12/2007,
Long Clawson SK726274,SK726274, 472600, 327400,-0.923650452588458,52.839251214007,01/12/1990,F,27/12/2007,
Long Eaton Station SK481322,SK481322, 448100, 332200,-1.2866210710413,52.885134648868,01/12/1990,F,27/12/2007,
Long Eaton/West Park SK478333,SK478333, 447800, 333300,-1.29091777615003,52.8950487642459,01/12/1990,F,27/12/2007,
Longdale Lane SK592524,SK592524, 459200, 352400,-1.11799661971389,53.0655897591379,01/12/1990,F,27/12/2007,
Longdon Green SK087134,SK087134, 408700, 313400,-1.87263523702544,52.718202998607,01/12/1990,F,27/12/2007,
"Longford, Nr. School SK218378",SK218378, 421800, 337800,-1.67708406410543,52.9371762654634,01/12/1990,F,27/12/2007,
Longnor SK089649,SK089649, 408900, 364900,-1.86828124784878,53.1811461276424,01/12/1990,F,27/12/2007,
Longshaw/Woodcroft SK267801,SK267801, 426700, 380100,-1.60067601443946,53.3171796137338,01/12/1990,F,27/12/2007,
Longshaw/Wooden Pole SK266789,SK266789, 426600, 378900,-1.60227723154597,53.3063984731158,01/12/1990,F,27/12/2007,
Lowdham/Old Eppne.Rd. SK659474,SK659474, 465900, 347400,-1.01904696648878,53.0198688352207,01/12/1990,F,27/12/2007,
Lower Bradfield/ Sands SK262920,SK262920, 426200, 392000,-1.60720087789906,53.4241661592626,01/12/1990,F,27/12/2007,
Lower Hartshay SK382515,SK382515, 438200, 351500,-1.43146916449022,53.0594096723058,01/12/1990,F,27/12/2007,
Loxley Edge c.p. SK307908,SK307908, 430700, 390800,-1.5396034291247,53.4131389124115,01/12/1990,F,27/12/2007,
Lullington/Nr. Church SK249129,SK249129, 424900, 312900,-1.63284876367974,52.7132090897081,01/12/1990,F,27/12/2007,
Mam Nick SK124832,SK124832, 412400, 383200,-1.81520566997605,53.3455679815334,01/12/1990,F,27/12/2007,
Manton/St. Marys Rd. SK879045,SK879045, 487900, 304500,-0.702690488674066,52.63116550734,01/12/1990,F,27/12/2007,
Mapleton Lane c.p. SK176470,SK176470, 417600, 347000,-1.73907729658654,53.0200291734407,01/12/1990,F,27/12/2007,
Mapperley Reservoir SK435436,SK435436, 443500, 343600,-1.35345380609227,52.9879965623832,01/12/1990,F,27/12/2007,
Markeaton Pk. Play Cr. SK332380,SK332380, 433200, 338000,-1.50745132944367,52.9383923872483,01/12/1990,F,27/12/2007,
Marquis Drive Vis. Cr. SK004153,SK004153, 400400, 315300,-1.99550916056119,52.7353509675712,01/12/1990,F,27/12/2007,
Matlock Station SK296602,SK296602, 429600, 360200,-1.55898578808663,53.1381548949896,24/11/2002,F,27/12/2007,
Measham/ Library SK332120,SK332120, 433200, 312000,-1.5100830644648,52.7046750784449,01/12/1990,F,27/12/2007,
Medbourne Road layby  SK793952,SK793952, 479300, 395200,-0.807459646288479,53.4476288712054,01/12/1990,F,27/12/2007,
Melbourne Leisure Centre SK386252,SK386252, 438600, 325200,-1.42861824155994,52.8229744186048,24/11/2002,F,27/12/2007,
Melbourne SK388252,SK388252, 438800, 325200,-1.42565040812979,52.8229601380987,01/12/1990,F,27/12/2007,
Middleton Top SK275551,SK275551, 427500, 355100,-1.59081077441489,53.0924241998523,01/12/1990,F,27/12/2007,
Milford Common SJ973212,SJ973212, 397300, 321200,-2.04147100358362,52.7883816614149,01/12/1990,F,27/12/2007,
Milldale SK138547,SK138547, 413800, 354700,-1.79539754642316,53.0893552007725,01/12/1990,F,27/12/2007,
Millers Dale Stn c.p.[ £££ ]SK136733,SK136733, 413600, 373300,-1.7976022610305,53.2565513747162,24/03/2003,F,27/12/2007,
"Millfields, Carsington Res. SK248498",SK248498, 424800, 349800,-1.63153289602687,53.0449147292283,01/12/1990,F,27/12/2007,
Minninglow c.p. on High Peak Trail SK194582,SK194582, 419400, 358200,-1.71157465315965,53.1206434323185,24/11/2002,F,27/12/2007,
Mkt. Bosworth Cy.Pk. SK412032,SK412032, 441200, 303200,-1.39278583483642,52.6250228123928,01/12/1990,F,27/12/2007,
Monsal Head c.p. SK185715,SK185715, 418500, 371500,-1.72425885241298,53.2402252919562,01/12/1990,F,27/12/2007,
Monyash c.p. [NC ]SK149666,SK149666, 414900, 366600,-1.77842668854402,53.1962929257267,24/11/2002,F,27/12/2007,
Monyash layby SK157664,SK157664, 415700, 366400,-1.76646192788173,53.1944723519578,01/12/1990,F,27/12/2007,
"Moor Lane c.p. SK194644, above Youlgreave",SK194644, 419400, 364400,-1.71120270505955,53.1763740110874,06/05/2003,F,27/12/2007,
Morleymoor A608 layby SK398422,SK398422, 439800, 342200,-1.4087394671874,52.9756987416524,01/12/1990,F,27/12/2007,
Mortimer Rd. layby SK243925,SK243925, 424300, 392500,-1.63575343105919,53.4287507538795,01/12/1990,F,27/12/2007,
Mount St Bernards Abbey SK458163,SK458163, 445800, 316300,-1.32301913004927,52.7424120806262,24/11/2002,F,27/12/2007,
Mountsorrel/ Memorial Hall SK584147,SK584147, 458400, 314700,-1.13668825887956,52.7268197101179,01/12/1990,F,27/12/2007,
Nabb Quarry SJ973680,SJ973680, 397300, 368000,-2.04188064503912,53.2090764152468,01/12/1990,F,27/12/2007,
New Mills/ Torrs SK000856,SK000856, 400000, 385600,-2.00146258012597,53.3672832053562,01/12/1990,F,27/12/2007,
Newbold/ B587 layby SK391187,SK391187, 439100, 318700,-1.42197148087383,52.7645101294528,01/12/1990,F,27/12/2007,
Newhall/ Shopping Cr. SK287209,SK287209, 428700, 320900,-1.57590521989949,52.7849362306186,01/12/1990,F,27/12/2007,
Newton Heath layby B5493 SK275083,SK275083, 427500, 308300,-1.59474600360248,52.6717323377563,01/12/1990,F,27/12/2007,
Newtown Linford c.p. SK523098,SK523098, 452300, 309800,-1.22778037270041,52.6833967165947,01/12/1990,F,27/12/2007,
No Man's Lane SK459373,SK459373, 445900, 337300,-1.31859545465421,52.9311685129581,01/12/1990,F,27/12/2007,
'Noah's Ark' layby SK100355,SK100355, 410000, 335500,-1.85272455399135,52.9168474331463,01/12/1990,F,27/12/2007,
Nomanshill Wood SK542558,SK542558, 454200, 355800,-1.1920327569162,53.0966786980754,01/12/1990,F,27/12/2007,
Normanton-le-Heath SK377128,SK377128, 437700, 312800,-1.44339521188873,52.7115730505827,01/12/1990,F,27/12/2007,
Normanton-on-Wolds SK622329,SK622329, 462200, 332900,-1.07697404907826,52.8899860848103,01/12/1990,F,27/12/2007,
Northwood layby A6 SK261648,SK261648, 426100, 364800,-1.61093045821315,53.1796849608632,01/12/1990,F,27/12/2007,
Oakamoor P.S. SK053447,SK053447, 405300, 344700,-1.92247494430466,52.9996141535276,01/12/1990,F,27/12/2007,
Oakham/ Church SK860089,SK860089, 486000, 308900,-0.729611116591408,52.6710149423718,01/12/1990,F,27/12/2007,
Ogston Res.c.p. (N) SK375610,SK375610, 437500, 361000,-1.44080763781198,53.1448507028176,24/11/2002,F,27/12/2007,
Ogston Resr/Woolley SK374605,SK374605, 437400, 360500,-1.44236074719767,53.1403634119085,01/12/1990,F,27/12/2007,
Ompton/ A616 layby SK693649,SK693649, 469300, 364900,-0.964602622004073,53.1767233411779,01/12/1990,F,27/12/2007,
"Opp. Cat & Fiddle, Buxton SK001719",SK001719, 400100, 371900,-1.99995747736207,53.24413927439,24/11/2002,F,27/12/2007,
Osmaston SK200437,SK200437, 420000, 343700,-1.7035034923027,52.9902816291823,01/12/1990,F,27/12/2007,
Osmaston Village Hall,,,,,,24/11/2002,F,27/12/2007,
Ossington/ Hall Drive SK762647,SK762647, 476200, 364700,-0.861435675526688,53.173984838657,01/12/1990,F,27/12/2007,
Oughtibridge/Church St. SK306933,SK306933, 430600, 393300,-1.54086531633708,53.4356152339923,01/12/1990,F,27/12/2007,
Outwoods c.p. SK514160,SK514160, 451400, 316000,-1.24012439443239,52.7392136376273,01/12/1990,F,27/12/2007,
Over Haddon SK203664,SK203664, 420300, 366400,-1.69761146680648,53.1943181895142,01/12/1990,F,27/12/2007,
Overseal/Woodville Rd. c.p. SK298156,SK298156, 429800, 315600,-1.5600745057397,52.7372336181321,24/11/2002,F,27/12/2007,
Palmer Moor A50 layby SK135334,SK135334, 413500, 333400,-1.80075939404179,52.8978942733669,01/12/1990,F,27/12/2007,
Park Hall Cy. Pk. SJ925445,SJ925445, 392500, 344500,-2.11319492512711,52.9977868308924,01/12/1990,F,27/12/2007,
Parsley Hay SK146637,SK146637, 414600, 363700,-1.78304791965797,53.1702341966463,01/12/1990,F,27/12/2007,
Pilsley/Church St. SK424622,SK424622, 442400, 362200,-1.36739660967748,53.1552710064951,01/12/1990,F,27/12/2007,
Piperhouse layby/A625 SK283808,SK283808, 428300, 380800,-1.57659747538614,53.3233889021556,01/12/1990,F,27/12/2007,
Pistern Hill Top SK346209,SK346209, 434600, 320900,-1.48842828395801,52.7845917881152,01/12/1990,F,27/12/2007,
Plainsteads SK023910,SK023910, 402300, 391000,-1.96685887679326,53.4158171965815,01/12/1990,F,27/12/2007,
Pleasley Vale SK510649,SK510649, 451000, 364900,-1.23837259065323,53.1787856941219,01/12/1990,F,27/12/2007,
Pym Chair SJ995768,SJ995768, 399500, 376800,-2.00895951746797,53.2881830134698,01/12/1990,F,27/12/2007,
Quorndon/ Station Rd. SK562165,SK562165, 456200, 316500,-1.16895270934102,52.7432317056764,01/12/1990,F,27/12/2007,
Ramsley Moor layby SK283757,SK283757, 428300, 375700,-1.57705032215215,53.2775478923668,01/12/1990,F,27/12/2007,
Rangemore Nr. Church SK180230,SK180230, 418000, 323000,-1.7344350462778,52.8042744786084,01/12/1990,F,27/12/2007,
Rearsby/ Brookside SK650145,SK650145, 465000, 314500,-1.03901476157313,52.7242711954866,01/12/1990,F,27/12/2007,
Rempstone Church layby SK575245,SK575245, 457500, 324500,-1.14829765029838,52.8150046232184,01/12/1990,F,27/12/2007,
Repton Park layby SK308241,SK308241, 430800, 324100,-1.54446985383421,52.8135865226914,01/12/1990,F,27/12/2007,
Repton/ Burton Rd. c.p. SK303269,SK303269, 430300, 326900,-1.55162919245067,52.8387844848243,01/12/1990,F,27/12/2007,
Riddings Park Rec. SK425530,SK425530, 442500, 353000,-1.3671153449652,53.0725689582095,01/12/1990,F,27/12/2007,
Ridgegate Reservoir SJ958713,SJ958713, 395800, 371300,-2.06438438909691,53.2387290794316,01/12/1990,F,27/12/2007,
Ripley/Market Place SK398505,SK398505, 439800, 350500,-1.40772003278124,53.0503047693084,01/12/1990,F,27/12/2007,
Rivelin Mill c.p. SK291873,SK291873, 429100, 387300,-1.56399287153478,53.3817701450654,01/12/1990,F,27/12/2007,
Roaches layby SK004621,SK004621, 400400, 362100,-1.99547023881316,53.1560490491181,01/12/1990,F,27/12/2007,
Rocester/Churnet Br. SK105392,SK105392, 410500, 339200,-1.84517006118544,52.9500983680943,01/12/1990,F,27/12/2007,
Rocester/Comm. Centre SK108394,SK108394, 410800, 339400,-1.84069845145498,52.9518903295441,01/12/1990,F,27/12/2007,
Rolleston/ Burnside SK236276,SK236276, 423600, 327600,-1.65103905473646,52.8454110453378,01/12/1990,F,27/12/2007,
Rother Valley Country Park: -Bedgreave Mill V.C. SK454827,SK454827, 445400, 382700,-1.31962421571881,53.3392814692893,01/12/1990,F,27/12/2007,
Rother Valley Country Park: -Entrance/ Ranger Pt. SK465821,SK465821, 446500, 382100,-1.3031930939226,53.3337943784909,01/12/1990,F,27/12/2007,
Rother Valley Country Park: -Meadowgate Lake c.p. SK455824,SK455824, 445500, 382400,-1.3181654849403,53.3365765679589,01/12/1990,F,27/12/2007,
Rothley/ Crossgreen SK584127,SK584127, 458400, 312700,-1.13704303944157,52.7088424458576,01/12/1990,F,27/12/2007,
Rough Wood/A57 layby SK187864,SK187864, 418700, 386400,-1.72038949116516,53.3741479109658,01/12/1990,F,27/12/2007,
Rowarth SK012892,SK012892, 401200, 389200,-1.98341544427778,53.3996411407858,01/12/1990,F,27/12/2007,
Rowsley c.p./Recycling Depot SK258659,SK258659, 425800, 365900,-1.61533084860365,53.1895870050682,28/11/2002,F,27/12/2007,
Rowsley Rec. Gd. SK256656,SK256656, 425600, 365600,-1.61834790753521,53.1869000320665,24/11/2002,F,27/12/2007,
Rowthorne c.p. SK476647,SK476647, 447600, 364700,-1.28927001918248,53.1773020473912,01/12/1990,F,27/12/2007,
Ruddington/Church St. SK572330,SK572330, 457200, 333000,-1.15126128745902,52.8914375517417,01/12/1990,F,27/12/2007,
Rudyard Station SJ955579,SJ955579, 395500, 357900,-2.06868743861019,53.1182752980683,01/12/1990,F,27/12/2007,
Rufford Countrypark SK644648,SK644648, 464400, 364800,-1.03792393803398,53.1764383358531,01/12/1990,F,27/12/2007,
'Rufford Hse' layby SK326706,SK326706, 432600, 370600,-1.5130869396089,53.2314613457834,01/12/1990,F,27/12/2007,
Rufford Mill c.p. SK646656,SK646656, 464600, 365600,-1.03477074994462,53.1836042668632,01/12/1990,F,27/12/2007,
Rushton Spencer layby SJ933629,SJ933629, 393300, 362900,-2.10166438444538,53.163196664131,01/12/1990,F,27/12/2007,
"Rushton Spencer, Old Stn c.p. [NC ]SJ936624",SJ936624, 393600, 362400,-2.09716714045204,53.1587059679143,24/11/2002,F,27/12/2007,
Rutland Water: -Barnsdale SK909087,SK909087, 490900, 308700,-0.657222579889082,52.6684184093505,01/12/1990,F,27/12/2007,
Rutland Water: -Edith Weston SK930057,SK930057, 493000, 305700,-0.627021744063408,52.6411005592388,01/12/1990,F,27/12/2007,
Rutland Water: -Sykes Lane SK937083,SK937083, 493700, 308300,-0.615942836606103,52.6643471748541,01/12/1990,F,27/12/2007,
Rutland Water: -Whitwell SK924083,SK924083, 492400, 308300,-0.635159388341018,52.6645700443938,01/12/1990,F,27/12/2007,
Salters Brook/A628 SE137001,SE137001, 413700, 400100,-1.7949513567205,53.4974412737026,01/12/1990,F,27/12/2007,
"Saracens Head Pub, Heath End SK369213",SK369213, 436900, 321300,-1.45428251822884,52.7880357170518,24/11/2002,F,27/12/2007,
Seagrave/ Green Lane SK616177,SK616177, 461600, 317700,-1.08874938233224,52.7534313334321,01/12/1990,F,27/12/2007,
Hayfield V.C. SK035869,SK035869, 403500, 386900,-1.9488491438096,53.3789576511047,25/11/2002,F,27/12/2007,
Seven Springs c.p. SK005206,SK005206, 400500, 320600,-1.99402143631843,52.7829955911933,01/12/1990,F,27/12/2007,
Shardlow/Wilne Lane SK445304,SK445304, 444500, 330400,-1.34036204082568,52.8692636674858,01/12/1990,F,27/12/2007,
Shepshed/ Oakley Rd. Rec. SK479206,SK479206, 447900, 320600,-1.2912898416713,52.7808829029791,01/12/1990,F,27/12/2007,
Sherwood Forest V.C. SK627676,SK627676, 462700, 367600,-1.06280681205745,53.2018062111503,01/12/1990,F,27/12/2007,
Shillito Wood P.S. SK295750,SK295750, 429500, 375000,-1.55911950432449,53.2711909437754,01/12/1990,F,27/12/2007,
Shipley Pk. Vis. Cr. SK431453,SK431453, 443100, 345300,-1.35918599534054,53.0033093457279,01/12/1990,F,27/12/2007,
Shirley/ Park Lane? SK217418,SK217418, 421700, 341800,-1.67830559897952,52.9731366940934,01/12/1990,F,27/12/2007,
Shobnall Fields Rec. SK235236,SK235236, 423500, 323600,-1.65280964450111,52.8094580975452,01/12/1990,F,27/12/2007,
Short Heath SK303151,SK303151, 430300, 315100,-1.55271546929615,52.7327113070093,01/12/1990,F,27/12/2007,
Sibson/ A444 layby SK355002,SK355002, 435500, 300200,-1.47730865090717,52.5984556047273,01/12/1990,F,27/12/2007,
Sileby/ King St. c.p.  SK602152,SK602152, 460200, 315200,-1.10994720255908,52.7311172620873,01/12/1990,F,27/12/2007,
Sinope/ Old A50 layby SK399153,SK399153, 439900, 315300,-1.41052810310848,52.7338888758675,01/12/1990,F,27/12/2007,
Skegby/ Buttery Lane SK495612,SK495612, 449500, 361200,-1.26138474219003,53.1456706253968,01/12/1990,F,27/12/2007,
Slade Plantn Radbourne SK292356,SK292356, 429200, 335600,-1.56718022349633,52.9170504778978,01/12/1990,F,27/12/2007,
Snelston Church SK155433,SK155433, 415500, 343300,-1.770558605954,52.9868339744638,01/12/1990,F,27/12/2007,
Sothall SK448823,SK448823, 444800, 382300,-1.3286910986648,53.3357363991214,01/12/1990,F,27/12/2007,
South Anston/ Rec. SK514834,SK514834, 451400, 383400,-1.22940794381816,53.3450263267053,01/12/1990,F,27/12/2007,
Southwell/Church St. SK702539,SK702539, 470200, 353900,-0.953542173287979,53.077743216824,01/12/1990,F,27/12/2007,
Southwell/Station Rd. SK706544,SK706544, 470600, 354400,-0.947462762386644,53.0821844966174,01/12/1990,F,27/12/2007,
Sparklow SK128659,SK128659, 412800, 365900,-1.80988694510925,53.1900556352769,01/12/1990,F,27/12/2007,
Speetley Farm layby SK481773,SK481773, 448100, 377300,-1.27989287976168,53.2905099926602,01/12/1990,F,27/12/2007,
Spring Wood c.p. SK378220,SK378220, 437800, 322000,-1.44085752396493,52.7942660899867,01/12/1990,F,27/12/2007,
Stanton Gate/Culdesac SK481381,SK481381, 448100, 338100,-1.28575078771189,52.9381674463275,01/12/1990,F,27/12/2007,
Stathern Bridge SK755324,SK755324, 475500, 332400,-0.879451613999635,52.8837917660914,01/12/1990,F,27/12/2007,
"Staunton Harold Nursery, lower c.p. SK378208",SK378208, 437800, 320800,-1.44099533631612,52.7834793018633,24/11/2002,F,27/12/2007,
Staunton Harold Resr: N./Caulk SK375226,SK375226, 437500, 322600,-1.44523797649043,52.7996802913867,01/12/1990,F,27/12/2007,
Staunton Harold Resr: N./Melbourne SK377244,SK377244, 437700, 324400,-1.44206532907758,52.8158465672623,01/12/1990,F,27/12/2007,
Stocksbridge/Haywood Lane nr. Clock Tower SK276983,SK276983, 427600, 398300,-1.58558403497244,53.4807204144981,01/12/1990,F,27/12/2007,
Street Lane layby SK394497,SK394497, 439400, 349700,-1.41378430809876,53.04314339134,01/12/1990,F,27/12/2007,
Strines Bridge SK221909,SK221909, 422100, 390900,-1.66897342959219,53.4144655564194,01/12/1990,F,27/12/2007,
Sudbury/Main Rd (E) SK164319,SK164319, 416400, 331900,-1.75772491993203,52.8843304435451,01/12/1990,F,27/12/2007,
Sudbury/Main Rd (W) SK159323,SK159323, 415900, 332300,-1.76513587822177,52.8879410592507,01/12/1990,F,27/12/2007,
Surprise View SK252801,SK252801, 425200, 380100,-1.62319139511719,53.3172526609102,01/12/1990,F,27/12/2007,
Swadlincote/Rink Drive SK299195,SK299195, 429900, 319500,-1.55823977945885,52.77228636574,01/12/1990,F,27/12/2007,
Swithland Wood (N) SK537130,SK537130, 453700, 313000,-1.2065519534296,52.7120245517618,01/12/1990,F,27/12/2007,
Swithland Wood (S) SK537118,SK537118, 453700, 311800,-1.20674732080324,52.7012380384699,01/12/1990,F,27/12/2007,
Syston/(Bridge) c.p. SK627115,SK627115, 462700, 311500,-1.07363574210347,52.6975764877877,01/12/1990,F,27/12/2007,
Taxal layby A5002 SK009799,SK009799, 400900, 379900,-1.98795157468363,53.3160474230512,01/12/1990,F,27/12/2007,
Teggs Nose Cy. Pk. SJ950733,SJ950733, 395000, 373300,-2.0764036598799,53.2566988705704,01/12/1990,F,27/12/2007,
The Street SK013756,SK013756, 401300, 375600,-1.98196300203754,53.2773953769243,01/12/1990,F,27/12/2007,
Thorpe Satchville/B6047 layby SK732110,SK732110, 473200, 311000,-0.918400815684698,52.6917670169529,01/12/1990,F,27/12/2007,
Thorpe Station SK166503,SK166503, 416600, 350300,-1.75381567393514,53.0497246610419,01/12/1990,F,27/12/2007,
Thorpe Village SK155505,SK155505, 415500, 350500,-1.77021526500787,53.0515552204385,01/12/1990,F,27/12/2007,
Thorpe/Narlows Lane cp [NC ]SK164505,SK164505, 416400, 350500,-1.75678903672399,53.051528585575,13/05/2003,F,27/12/2007,
Thringstone/ Green SK427172,SK427172, 442700, 317200,-1.36881760863389,52.7507550503004,01/12/1990,F,27/12/2007,
Thurgarton/Beck St. SK695491,SK695491, 469500, 349100,-0.965023259894593,53.0346938143093,01/12/1990,F,27/12/2007,
Tibshelf Ponds c.p. SK441401,SK441401, 444100, 340100,-1.3449924876135,52.9564873459328,01/12/1990,F,27/12/2007,
Ticknall Village Hall SK352240,SK352240, 435200, 324000,-1.4792008214019,52.8124192415168,24/11/2002,F,27/12/2007,
Tideswell Dale c.p. SK154742,SK154742, 415400, 374200,-1.77057829898096,53.2645925378762,01/12/1990,F,27/12/2007,
Tideswell SK151755,SK151755, 415100, 375500,-1.77501470964946,53.2762862400216,01/12/1990,F,27/12/2007,
Tilton/Marefield Lane SK743058,SK743058, 474300, 305800,-0.903299162706277,52.6448786243041,01/12/1990,F,27/12/2007,
Timber Lane c.p. SK643427,SK643427, 464300, 342700,-1.04382897563373,52.9778202675181,01/12/1990,F,27/12/2007,
Tissington Trial c.p. SK177521,SK177521, 417700, 352100,-1.7373083479558,53.0658698066506,24/11/2002,F,27/12/2007,
Tittesworth Reservoir SJ994603,SJ994603, 399400, 360300,-2.01042087416953,53.1398684963406,01/12/1990,F,27/12/2007,
Todwick/Lindleys Croft SK497842,SK497842, 449700, 384200,-1.25481534478088,53.3523784091088,01/12/1990,F,27/12/2007,
Tofts c.p. SK302876,SK302876, 430200, 387600,-1.54742828749443,53.3844051985704,01/12/1990,F,27/12/2007,
Tompkin? P.S. SJ947514,SJ947514, 394700, 351400,-2.08053081926155,53.0598387320993,01/12/1990,F,27/12/2007,
Topley Pike SK112725,SK112725, 411200, 372500,-1.83360453485921,53.2494157376984,01/12/1990,F,27/12/2007,
Torside c.p. SK068983,SK068983, 406800, 398300,-1.89900036458827,53.4813953734062,01/12/1990,F,27/12/2007,
Trent Lock SK489313,SK489313, 448900, 331300,-1.27486828295888,52.8769730446475,01/12/1990,F,27/12/2007,
Trent Meadows SK505327,SK505327, 450500, 332700,-1.25088093491552,52.8894097605242,01/12/1990,F,27/12/2007,
Trentabank Reservoir layby SJ961711,SJ961711, 396100, 371100,-2.05988688493035,53.236933718694,01/12/1990,F,27/12/2007,
Trentabank Reservoir V.C. SJ964711,SJ964711, 396400, 371100,-2.05539215764421,53.2369358753051,01/12/1990,F,27/12/2007,
Trowell/Nottm. Canal SK483412,SK483412, 448300, 341200,-1.28231533856557,52.9660142501295,01/12/1990,F,27/12/2007,
Tugby/A47 layby SK766007,SK766007, 476600, 300700,-0.870492155938972,52.5987201662992,01/12/1990,F,27/12/2007,
Tur Langton/Nr. Ch.  SP714946,SP714946, 471400, 294600,-0.948561736039928,52.5445977862999,01/12/1990,F,27/12/2007,
Tutbury/ Duke St. c.p. SK211289,SK211289, 421100, 328900,-1.68807349717383,52.8572001206714,01/12/1990,F,27/12/2007,
Ulley Reservoir SK453875,SK453875, 445300, 387500,-1.32043979982751,53.3824318586628,01/12/1990,F,27/12/2007,
Upper Burbage Bridge SK260830,SK260830, 426000, 383000,-1.61094621393652,53.3432807892137,01/12/1990,F,27/12/2007,
Upper Hall layby SK019772,SK019772, 401900, 377200,-1.97295650714874,53.2917756035616,01/12/1990,F,27/12/2007,
Upperdale c.p. SK177722,SK177722, 417700, 372200,-1.73620703982896,53.2465443349889,01/12/1990,F,27/12/2007,
Uppingham/North St. east SK867998,SK867998, 486700, 399800,-0.694801584788895,53.4878014601521,01/12/1990,F,27/12/2007,
Via Gellia A5012 layby SK265565,SK265565, 426500, 356500,-1.6056278166311,53.1050588443216,01/12/1990,F,27/12/2007,
Vicarage Quarry SJ984706,SJ984706, 398400, 370600,-2.02542442114308,53.2324516968002,01/12/1990,F,27/12/2007,
Wadsley c.p. SK319908,SK319908, 431900, 390800,-1.52155020350876,53.4130680167397,01/12/1990,F,27/12/2007,
Walesby/Chapel Lane SK683707,SK683707, 468300, 370700,-0.978323546872563,53.2289793044597,01/12/1990,F,27/12/2007,
Walton-on-Wolds/Green SK593198,SK593198, 459300, 319800,-1.12244320473395,52.7725641226147,01/12/1990,F,27/12/2007,
Warren Hills B587 layby SK463145,SK463145, 446300, 314500,-1.31586646479083,52.7261894926457,01/12/1990,F,27/12/2007,
Wartoft Grange Coner SK446245,SK446245, 444600, 324500,-1.33967976312249,52.8162213099119,01/12/1990,F,27/12/2007,
Waterhouses Stn. SK085501,SK085501, 408500, 350100,-1.8746531044591,53.0481148950091,01/12/1990,F,27/12/2007,
Weag's Bridge SK100542,SK100542, 410000, 354200,-1.85215138664469,53.0849444572547,01/12/1990,F,27/12/2007,
Wellsboro'/B585 layby SK366026,SK366026, 436600, 302600,-1.46080445606935,52.6199574582511,01/12/1990,F,27/12/2007,
West Hallam Shop. Cr. SK432413,SK432413, 443200, 341300,-1.3582288718778,52.9673468411967,01/12/1990,F,27/12/2007,
Wetton Mill SK095561,SK095561, 409500, 356100,-1.85956067541301,53.1020326408808,24/11/2002,F,27/12/2007,
Wetton SK109552,SK109552, 410900, 355200,-1.83868104131762,53.093916118748,01/12/1990,F,27/12/2007,
Whatstandwell Stn. SK333541,SK333541, 433300, 354100,-1.50430995495196,53.0831067283553,01/12/1990,F,27/12/2007,
Whirlow Park/ Cafe SK306830,SK306830, 430600, 383000,-1.54185747320802,53.3430360235176,01/12/1990,F,27/12/2007,
White Hollows Corner SK352223,SK352223, 435200, 322300,-1.47938273458495,52.797137839107,01/12/1990,F,27/12/2007,
White Lodge c.p. SK170706,SK170706, 417000, 370600,-1.74678187220789,53.2321851677927,01/12/1990,F,27/12/2007,
Whittington Village Hall c.p. SK162085,SK162085, 416200, 308500,-1.7618432994217,52.6739831492095,24/11/2002,F,27/12/2007,
Whitwell Wood layby SK525773,SK525773, 452500, 377300,-1.2138930886647,53.2900944543976,01/12/1990,F,27/12/2007,
Wildboarclough Bridge SJ983687,SJ983687, 398300, 368700,-2.0269115223155,53.2153730092413,01/12/1990,F,27/12/2007,
Wilford/By A648 SK562365,SK562365, 456200, 336500,-1.16551938108772,52.9230019875843,01/12/1990,F,27/12/2007,
Willesley Pk. A453 layby SK346146,SK346146, 434600, 314600,-1.48909097491803,52.7279598865949,01/12/1990,F,27/12/2007,
Willington c.p. SK295286,SK295286, 429500, 328600,-1.56335192944871,52.8541103911973,01/12/1990,F,27/12/2007,
Willoughby-on-Wolds SK638252,SK638252, 463800, 325200,-1.05469894947932,52.8205895439576,01/12/1990,F,27/12/2007,
Windgather Rocks SJ994782,SJ994782, 399400, 378200,-2.0104631114346,53.3007671070149,01/12/1990,F,27/12/2007,
Windle Edge P.S. SE153019,SE153019, 415300, 401900,-1.77074608587779,53.5135763009156,01/12/1990,F,27/12/2007,
Winscar Resr./Broad Hill C.P SE155030,SE155030, 415500, 403000,-1.76767629200396,53.5234575889966,01/12/1990,F,27/12/2007,
Winster SK238602,SK238602, 423800, 360200,-1.64568346541851,53.1384439058257,01/12/1990,F,27/12/2007,
Woodhead layby/A628  SK111999,SK111999, 411100, 399900,-1.83415072558887,53.495704481936,01/12/1990,F,27/12/2007,
Woodhouse Eaves SK531144,SK531144, 453100, 314400,-1.21520633589135,52.7246678224365,01/12/1990,F,27/12/2007,
Woodlinkin A610 layby SK433485,SK433485, 443300, 348500,-1.35577848383846,53.0320565588337,01/12/1990,F,27/12/2007,
Woodville/ Blacksmith's Lane c.p. SK316191,SK316191, 431600, 319100,-1.53308008110565,52.7685943592866,01/12/1990,F,27/12/2007,
Worthington/Newbold Lane SK405205,SK405205, 440500, 320500,-1.40100314897888,52.7805876856156,01/12/1990,F,27/12/2007,
Wyaston/ Yeaveley Rd. SK185422,SK185422, 418500, 342200,-1.72593401910301,52.9768515333289,01/12/1990,F,27/12/2007,
Wye Dale SK104725,SK104725, 410400, 372500,-1.84559402156029,53.2494317529212,01/12/1990,F,27/12/2007,
Yoxall/ Hadley St. SK139192,SK139192, 413900, 319200,-1.79541127376928,52.770234843991,01/12/1990,F,27/12/2007,
Zouch SK504233,SK504233, 450400, 323300,-1.25381579603342,52.8049262175745,01/12/1990,F,27/12/2007,
Branston Water Park c.p. SK218211,SK218211, 421800, 321100,-1.67819427901131,52.7870555757808,24/11/2002,F,27/12/2007,
Duffield Church c.p. [NC ]SK348428,SK348428, 434800, 342800,-1.48313171676326,52.9814387247124,25/11/2002,F,27/12/2007,
Ibstock/ High St. SK407100,SK407100, 440700, 310000,-1.39933569877423,52.6861870449219,01/12/1990,F,27/12/2007,
Ibstock/ High St. SK408102,SK408102, 440800, 310200,-1.39783171938647,52.6879773850618,01/12/1990,F,27/12/2007,
"Repton Cross, Repton [NC ]SK302270",SK302270, 430200, 327000,-1.55310444539081,52.8396890027601,24/11/2002,F,27/12/2007,
Rother Valley Country Park: -Killamarsh Meadows SK453813,SK453813, 445300, 381300,-1.32132571377583,53.3267064657488,01/12/1990,F,27/12/2007,
Tutbury picnic site SK213293,SK213293, 421300, 329300,-1.68507723433419,52.8607880388869,24/11/2002,F,27/12/2007,
"Hayfield, Kinder Bank SK047869",SK047869, 404700, 386900,-1.9308101986818,53.378948615395,25/11/2002,F,27/12/2007,
Alsop Moor Cottages layby [NC ]SK156563,SK156563, 415600, 356300,-1.76844503981904,53.1036882833523,24/03/2003,F,27/12/2007,
Combes Valley c.p SK009535,SK009535, 400900, 353500,-1.98801363901805,53.0787432214078,28/04/2003,F,27/12/2007,
Trent Ln cp Newton Solney SK280259,SK280259, 428000, 325900,-1.58585747518619,52.8299193401735,05/05/2003,F,27/12/2007,
Overseal Church SK295155,SK295155, 429500, 315500,-1.56452653025028,52.7363510873099,05/05/2003,F,27/12/2007,
Mackworth Village SK319376,SK319376, 431900, 337600,-1.52683249604829,52.9348752548054,06/05/2003,F,27/12/2007,
Winster Church SK239606,SK239606, 423900, 360600,-1.64415899496259,53.1420349628479,11/05/2003,F,27/12/2007,